id,title,release_date,vote_average,vote_count,popularity,overview
969681,Spider-Man: Brand New Day,2026-07-29,7.888,1973,1875.3748,Fighting crime full-time as Spider-Man in a world that doesn't remember him—and the pressure of seeing his old friends move on without him—sparks a change in Peter Parker he may not have the power to control. But that transformation might also be the only thing that can stop a shocking new threat to the city and those he loves - a powerful villain no one can even see.
1368337,The Odyssey,2026-07-15,7.986,2986,728.3957,"Odysseus, the legendary King of Ithaca, embarks on a long and perilous journey home following the Trojan War. Throughout his voyage, he is forced to confront the whims of gods, mythological monsters, and trials that stretch both his cunning and his humanity to the breaking point."
1084244,Toy Story 5,2026-06-17,7.952,1197,404.7642,"When Bonnie receives a Lilypad tablet as a gift and becomes obsessed, Buzz, Woody, Jessie and the rest of the gang's jobs become exponentially harder when they have to go head to head with the all-new threat to playtime."
634649,Spider-Man: No Way Home,2021-12-15,7.941,22765,386.8832,"Peter Parker is unmasked and no longer able to separate his normal life from the high-stakes of being a super-hero. When he asks for help from Doctor Strange the stakes become even more dangerous, forcing him to discover what it truly means to be Spider-Man."
1323244,Rage of Stars,2026-08-06,4.833,6,370.7603,"A story about a woman from the International Special Forces Unit, who has a premonition about the impending end of humanity."
1375646,Colony,2026-05-21,8.096,553,292.2132,"Professor Se-jeong is thrust into a bloody nightmare when a rapidly mutating virus is released during a biotech conference causing authorities to seal the facility. Trapped inside with no escape, Se-jeong along with a small group of survivors must fight to stay alive while the infected undergo horrific transformations."
1315772,Minions & Monsters,2026-06-24,7.499,763,264.2694,"This is the rambunctious, ridiculous and totally true story of how the Minions conquered Hollywood, became movie stars, lost everything, unleashed monsters onto the world and then banded together to try and save the planet from the mayhem they had just created."
1339713,Obsession,2026-05-13,8.228,4862,232.9651,"After breaking the mysterious ""One Wish Willow"" to win his crush's heart, a hopeless romantic finds himself getting exactly what he asked for but soon discovers that some desires come at a dark, sinister price."
1284041,The Last House,2026-08-06,6.917,903,218.8879,A family suddenly sealed inside their home must work together to survive against dwindling resources and the ominous threat keeping them trapped.
1284465,The Death of Robin Hood,2026-06-18,6.289,232,204.5826,"Grappling with his past after a life of crime and murder, Robin Hood finds himself gravely injured after a battle he thought would be his last. In the hands of a mysterious woman, he is offered a chance at salvation."
1101383,The End of Oak Street,2026-08-12,6.457,269,202.1509,"After a mysterious cosmic event rips Oak Street from suburbia and transports their neighborhood to someplace unknown, the Platt family soon discovers that their very survival depends on them sticking together as they navigate their now unrecognizable surroundings."
1108427,Moana,2026-07-08,6.041,209,194.8449,"Teenage Moana answers the Ocean's call and, for the first time, voyages beyond the reef of her island of Motunui with infamous demigod Maui on an unforgettable journey to restore prosperity to her people."
1275779,Disclosure Day,2026-06-10,7.458,2912,167.6166,"A cybersecurity expert becomes a whistleblower after uncovering secrets about aliens, putting him on the run from a corporation. Meanwhile, a meteorologist experiencing strange phenomena joins forces with him to prove there's life beyond our understanding."
1212763,Evil Dead Burn,2026-07-07,7.876,1185,153.2715,"After her husband's abrupt death, Alice seeks solace with his remaining family — descendants of a leading researcher on demonic possession. As her in-laws transform one by one into creatures that feed on fear, she comes to discover that the vows she took in life survive even in death."
82023,Hotel Desire,2011-12-07,6.171,155,138.4892,"Antonia is a single mother who works as a hotel maid in Berlin. A normal hot summer day takes a dramatic turn when she crosses paths with a particular guest of the hotel, famous blind portrait painter Julius Pass."
1081003,Supergirl,2026-06-24,6.8,1959,131.9168,"When an unexpected and ruthless adversary strikes too close to home, Kara Zor-El, aka Supergirl, reluctantly joins forces with an unlikely companion on an epic, interstellar journey of vengeance and justice."
1083381,Backrooms,2026-05-27,7.1,2859,131.004,A strange doorway appears in the basement of a furniture showroom.
1003596,Avengers: Doomsday,2026-12-16,0.0,0,129.3192,Beloved heroes from three distinct universes are set on a deadly collision course and face an existential threat unlike anything they've ever encountered.
687163,Project Hail Mary,2026-03-15,8.652,7199,125.0677,"Science teacher Ryland Grace wakes up on a spaceship light years from home with no recollection of who he is or how he got there. As his memory returns, he begins to uncover his mission: solve the riddle of the mysterious substance causing the sun to die out. He must call on his scientific knowledge and unorthodox ideas to save everything on Earth from extinction."
1273221,Scary Movie,2026-06-03,6.432,1675,121.2712,"Twenty-six years after outrunning a suspiciously familiar masked killer, the Core Four are back in the killer's crosshairs and no horror movie IP is safe."
1307118,Soulm8te,2026-07-31,7.243,214,120.8394,"After a ruthless tech giant acquires a small robotics company, a grieving engineer is tasked with testing their new AI companion. But when he attempts to reprogram her to be a truly sentient soulmate, she develops needs of her own—unleashing a relentless spree of precision-engineered mayhem."
315635,Spider-Man: Homecoming,2017-07-05,7.333,23699,118.0399,"Following the events of Captain America: Civil War, Peter Parker, with the help of his mentor Tony Stark, tries to balance his life as an ordinary high school student in Queens, New York City, with fighting crime as his superhero alter ego Spider-Man as a new threat, the Vulture, emerges."
1612018,Jackass: Best and Last,2026-06-25,7.518,165,106.9577,The fifth and final installment to Jackass franchise where the crew go on one last insane crusade.
980431,Avatar Aang: The Last Airbender,2026-07-24,9.227,913,105.1595,"Avatar Aang, the world's last Airbender, learns of an ancient power that could save his culture from extinction. With the help of his friends, he embarks on a global quest to find it before it falls into the wrong hands and threatens to upend the peace they sacrificed everything to achieve."
1594914,Lucky Strike,2026-06-26,7.29,31,103.2092,"A wounded American soldier fights to survive behind enemy lines during WWII's Battle of the Bulge against the Germans, relying on his instinct, spy craft and a hand-radio to evade capture and find his way back to his unit."
454639,Masters of the Universe,2026-06-03,7.174,1873,102.6947,"After being separated for 15 years, the Sword of Power leads Prince Adam back to Eternia, where he discovers his home shattered under the fiendish rule of Skeletor. To save his family and his world, Adam must join forces with his closest allies, Teela and Duncan/Man-At-Arms, and embrace his true destiny as He-Man — the most powerful man in the universe."
1481343,The Devil's Mouth,2026-07-29,6.579,662,102.3229,"A group of college friends' Thailand adventure turns deadly when they become trapped in submerged caves with a dangerous predator. As oxygen runs low, past conflicts emerge in their desperate fight for survival."
1523145,Your Heart Will Be Broken,2026-03-26,7.1,121,98.4879,"High school student Polina is saved from bullying at her new school and makes a deal with the main bully Bars: he must pretend to be her boyfriend and protect her, and she must do everything he says. During this game, the couple develops real feelings, but her family and classmates have reasons to separate the lovers."
557,Spider-Man,2002-05-01,7.347,21202,97.8961,"After being bitten by a genetically altered spider at Oscorp, nerdy but endearing high school student Peter Parker is endowed with amazing powers to become the superhero known as Spider-Man."
1698863,The Odyssey,2026-07-03,4.052,281,97.7987,"Based on the Ancient Greek epic. After ten years of war, King Odysseus sets sail for Ithaca, eager to reunite with his beloved. But his journey home is far more treacherous than the battlefield, as he must face deadly monsters and vengeful gods to survive."
1311031,Demon Slayer: Kimetsu no Yaiba Infinity Castle,2025-07-18,8.731,1901,92.3438,"The Demon Slayer Corps are drawn into the Infinity Castle, where Tanjiro, Nezuko, and the Hashira face terrifying Upper Rank demons in a desperate fight as the final battle against Muzan Kibutsuji begins."
755898,War of the Worlds,2025-07-29,4.061,1084,92.1634,"Will Radford is a top analyst for Homeland Security who tracks potential threats through a mass surveillance program, until one day an attack by an unknown entity leads him to question whether the government is hiding something from him... and from the rest of the world."
950028,The Invite,2026-06-25,7.379,280,91.2691,"Joe and Angela's marriage is on thin ice. When they invite their enigmatic upstairs neighbors for a dinner party, the night spirals into unexpected places. Have they reignited the spark or lit the match that burns it all down?"
299536,Avengers: Infinity War,2018-04-25,8.241,32630,89.5614,"As the Avengers and their allies have continued to protect the world from threats too large for any one hero to handle, a new danger has emerged from the cosmic shadows: Thanos. A despot of intergalactic infamy, his goal is to collect all six Infinity Stones, artifacts of unimaginable power, and use them to inflict his twisted will on all of reality. Everything the Avengers have fought for has led up to this moment - the fate of Earth and existence itself has never been more uncertain."
278,The Shawshank Redemption,1994-09-23,8.7,31090,87.6812,"Imprisoned in the 1940s for the double murder of his wife and her lover, upstanding banker Andy Dufresne begins a new life at the Shawshank prison, where he puts his accounting skills to work for an amoral warden. During his long stretch in prison, Dufresne comes to be admired by the other inmates -- including an older prisoner named Red -- for his integrity and unquenchable sense of hope."
441168,From Straight A's to XXX,2017-02-11,5.9,167,87.6188,"When a change of circumstances leaves Miriam unable to pay her college tuition, she makes a surprising decision: to start performing in adult films, using the pseudonym Belle Knox. Miriam lies to her family and her friends at school, keeping her double life a secret. But soon rumours spread and Miriam becomes the subject of vicious online attacks and unwanted attention. Miriam fights back: she talks to the media, saying her new line of work empowers her as a feminist. But her confident stand has unintended consequences. Miriam is shunned by her conservative family and her colleagues in the adult film world. One impulsive decision has quickly spiralled out of control - and Miriam's problems are just beginning."
1564614,Leviticus,2026-06-17,6.747,393,87.491,Two teenage boys must escape a violent entity that takes the form of the person they desire most:  each other.
83533,Avatar: Fire and Ash,2025-12-17,7.645,4163,86.9289,"In the wake of the devastating war against the RDA and the loss of their eldest son, Jake Sully and Neytiri face a new threat on Pandora: the Ash People, a violent and power-hungry Na'vi tribe led by the ruthless Varang. Jake's family must fight for their survival and the future of Pandora in a conflict that pushes them to their emotional and physical limits."
1280738,The Furious,2026-06-10,8.108,571,86.4293,"After a criminal network kidnaps Wang Wei's daughter and the corrupt police refuse to assist him, Wei sets out on his own to locate her. Navin, a tenacious journalist whose wife has mysteriously vanished, is his only ally. In this explosive martial arts showdown, the unlikely duo fights the kidnappers ruthlessly driven by a furious vengeance."
89657,Country Hooker,1974-10-04,4.2,6,84.7646,"A couple of musicians are on their way to a show at a country bar. Along the way, they pick up a couple of sexy hitchhiking ladies and decide to pull over for a pitstop. Eventually, they make it to the bar and uncover that the deep voiced country singer that also plays there is also a pimp who uses the ""waitresses"" to make him some extra cash. It is up to our musician heroes to put an end to the singer and his operation."
1288445,Mutiny,2026-08-19,6.851,35,84.6787,"After witnessing his billionaire boss' murder and being framed for the crime, Cole Reed boards a cargo ship on a one-man crusade to avenge his boss' death only to discover an international conspiracy."
1599191,Renegade Immortal: Battle of the Immortal Slayer,,0.0,0,83.7699,
1493400,Camp Rock 3,2026-08-13,6.3,70,81.6613,"When Connect 3 loses their opening act for a major reunion tour, they return to their beloved Camp Rock to discover the next big thing. As campers vie for the chance to open for their favorite band, tensions rise and friendships are tested - leading to unexpected alliances, revelations, and romances."
936075,Michael,2026-04-22,8.7,4091,78.3949,"The story of Michael Jackson, one of the most influential artists the world has ever known, and his life beyond the music. His journey from the discovery of his extraordinary talent as the lead of the Jackson Five, to the visionary artist whose creative ambition fueled a relentless pursuit to become the biggest entertainer in the world, highlighting both his life off-stage and some of the most iconic performances from his early solo career."
1285366,Shape of My Heart,2024-07-06,6.2,4,78.1008,"A romance about a man and a woman who, due to an unexpected event, end up switching bodies. Despite coming from completely different backgrounds and environments, the two try to overcome the various difficulties that arise from their body swap."
1727780,Borderline,2026-07-17,5.7,15,77.2303,"Convinced they are our secret saviors, rogue U.S. operatives abduct Mexican gang members and seed them across major American cities, unleashing criminal chaos, swaying voters by playing on nativist prejudices, and forcing law enforcement into a race to expose the plot as the escalating carnage threatens democracy itself."
1408162,Vishwanath & Sons,2026-08-14,8.4,7,76.4694,"Sanjay Vishwanath is an acclaimed professional handgunner in his 40s with a major stake in fame and wealth. When he comes across a woman named Maddy in her 20s, their dynamic poses many issues that they must come to terms with."
24428,The Avengers,2012-04-25,8.067,39319,76.4139,"When an unexpected enemy emerges and threatens global safety and security, Nick Fury, director of the international peacekeeping agency known as S.H.I.E.L.D., finds himself in need of a team to pull the world back from the brink of disaster. Spanning the globe, a daring recruitment effort begins!"
1314481,The Devil Wears Prada 2,2026-04-29,7.068,2121,73.7744,"Andy Sachs returns to Runway as Miranda Priestly navigates a new media landscape and Runway's position within. The duo reconnect with former assistant Emily Charlton, now the head of a luxury brand that possesses funding which could ensure Runway's survival."
1930,The Amazing Spider-Man,2012-06-23,6.754,18946,72.2394,A teenage Peter Parker grapples with both high school and amazing super-human crises as his alter-ego Spider-Man.
5721,Vixen!,1968-10-15,5.486,108,71.9312,"In a Canadian mountain resort, Vixen Palmer resides with her naive pilot husband Tom. While he's away flying in tourists, she sleeps with practically everybody including a husband and his wife, and even her biker brother. However, the only one she won't bed is her brother's friend... who is Black."
1569947,The Priest: Thanksgiving Massacre,2025-08-08,3.544,57,71.0066,"A family gather to spend Thanksgiving at an isolated cabin, unaware that the site has a horrific history of murder and cannibalism and that the Priest responsible did not rest in peace. Now they are on the menu for Thanksgiving dinner."
1439930,The Punisher: One Last Kill,2026-05-12,8.3,2094,70.251,"As Frank Castle searches for meaning beyond revenge, an unexpected force pulls him back into the fight."
1630409,The Debt Collector,2026-07-20,8.0,109,69.6725,"Tormented by past mistakes and a terminal diagnosis, an ex-debt collector returns to the underworld to protect the victims of a violent organization."
1084242,Zootopia 2,2025-11-26,7.676,3299,69.3044,"After cracking the biggest case in Zootopia's history, rookie cops Judy Hopps and Nick Wilde find themselves on the twisting trail of a great mystery when Gary De'Snake arrives and turns the animal metropolis upside down. To crack the case, Judy and Nick must go undercover to unexpected new parts of town, where their growing partnership is tested like never before."
1127384,Deep Water,2026-04-30,7.132,406,68.7426,A group of international passengers on a flight from Los Angeles to Shanghai is forced to make an emergency landing in shark-infested waters. The terrified group is forced to work together and overcome their differences if they hope to escape their sinking plane and the frenzy of sharks drawn to the wreckage.
1193950,The Dollmaker,2025-10-11,0.0,0,67.5864,"In a quiet village, charming young Tomás leads a simple life: caring for his mother, working at the video store and town clinic, and collecting dolls. As women begin disappearing, newly arrived Inspector Porter investigates."
157336,Interstellar,2014-11-05,8.485,40822,67.3846,The adventures of a group of explorers who make use of a newly discovered wormhole to surpass the limitations on human space travel and conquer the vast distances involved in an interstellar voyage.
1110034,Kraken,2026-02-06,6.3,279,67.1642,"A marine biologist is doing research on a fish farm when she encounters several strange occurrences. Along with the brutal deaths of two teenagers, all signs point to the deep fjord; can there be more to the depths than the eye can see?"
1504358,Don't Say Good Luck,2026-08-13,7.0,40,66.2915,Sophie Birenbaum is ready for the spotlight as the lead in her high school musical — until she's suddenly facing more drama at home than on the stage.
1668364,Desire,2026-05-07,6.776,232,65.9462,"Lucero’s life appears immaculate: a wealthy household, a devoted husband, and two children who embody the promise of a perfect family. Yet beneath this surface simmers a quiet dissatisfaction. When Matías, a young swimming coach hired by her husband, enters their lives, Lucero finds herself pulled into a risky and consuming relationship. As secrecy, desire, and jealousy tighten their grip, the boundaries within the family begin to collapse, placing mother and daughter in a dangerous emotional triangle that threatens to shatter everything Lucero has built."
429617,Spider-Man: Far From Home,2019-06-28,7.394,17440,64.9587,"Peter Parker and his friends go on a summer trip to Europe. However, they will hardly be able to rest - Peter will have to agree to help Nick Fury uncover the mystery of creatures that cause natural disasters and destruction throughout the continent."
299534,Avengers: Endgame,2019-04-24,8.24,28383,64.8006,"After the devastating events of Avengers: Infinity War, the universe is in ruins due to the efforts of the Mad Titan, Thanos. With the help of remaining allies, the Avengers must assemble once more in order to undo Thanos' actions and restore order to the universe once and for all, no matter what consequences may be in store."
27205,Inception,2010-07-15,8.373,39945,64.5184,"Cobb, a skilled thief who commits corporate espionage by infiltrating the subconscious of his targets is offered a chance to regain his old life as payment for a task considered to be impossible: ""inception"", the implantation of another person's idea into a target's subconscious."
1228710,The Mandalorian and Grogu,2026-05-20,7.51,1316,64.3935,"The evil Empire has fallen, and Imperial warlords remain scattered throughout the galaxy. As the fledgling New Republic works to protect everything the Rebellion fought for, they have enlisted the help of legendary Mandalorian bounty hunter Din Djarin and his young apprentice Grogu."
559,Spider-Man 3,2007-05-01,6.475,15612,62.7649,"The seemingly invincible Spider-Man goes up against an all-new crop of villains—including the shape-shifting Sandman. While Spider-Man’s superpowers are altered by an alien organism, his alter ego, Peter Parker, deals with nemesis Eddie Brock and also gets caught up in a love triangle."
569094,Spider-Man: Across the Spider-Verse,2023-05-31,8.343,9060,62.344,"After reuniting with Gwen Stacy, Brooklyn’s full-time, friendly neighborhood Spider-Man is catapulted across the Multiverse, where he encounters the Spider Society, a team of Spider-People charged with protecting the Multiverse's very existence. But when the heroes clash on how to handle a new threat, Miles finds himself pitted against the other Spiders and must set out on his own to save those he loves most."
155,The Dark Knight,2008-07-16,8.534,36450,61.6543,"Batman raises the stakes in his war on crime. With the help of Lt. Jim Gordon and District Attorney Harvey Dent, Batman sets out to dismantle the remaining criminal organizations that plague the streets. The partnership proves to be effective, but they soon find themselves prey to a reign of chaos unleashed by a rising criminal mastermind known to the terrified citizens of Gotham as the Joker."
1510795,"Shake, Rattle & Roll: Evil Origins",2026-06-05,5.0,15,59.8285,"In 1775 during the Spanish colonial period in the Philippines, nuns attempts to survive the night after an unknown evil was set free in their cloister. Meanwhile in 2025, a group of friends attend a Halloween masquerade ball which was attacked by a serial killer. Fast forward to the future in 2050, a post-apocalytic Philippines is ruled by the aswang."
1226863,The Super Mario Galaxy Movie,2026-04-01,8.242,3496,59.8156,"Having thwarted Bowser's previous plot to marry Princess Peach, Mario and Luigi now face a fresh threat in Bowser Jr., who is determined to liberate his father from captivity and restore the family legacy. Alongside companions new and old, the brothers travel across the stars to stop the young heir's crusade."
1419406,The Shadow's Edge,2025-08-16,8.12,1229,58.8439,Macau Police brings the tracking expert police officer out of retirement to help catch a dangerous group of professional thieves.
238,The Godfather,1972-03-14,8.685,23384,58.7501,"Spanning the years 1945 to 1955, a chronicle of the fictional Italian-American Corleone crime family. When organized crime family patriarch, Vito Corleone barely survives an attempt on his life, his youngest son, Michael steps in to take care of the would-be killers, launching a campaign of bloody revenge."
931285,Mortal Kombat II,2026-05-06,7.87,2397,58.1276,"The fan favorite champions—now joined by Johnny Cage himself—are pitted against one another in the ultimate, no-holds barred, gory battle to defeat the dark rule of Shao Kahn that threatens the very existence of the Earthrealm and its defenders."
822119,Captain America: Brave New World,2025-02-12,5.945,3299,57.2012,"After meeting with newly elected U.S. President Thaddeus Ross, Sam finds himself in the middle of an international incident. He must discover the reason behind a nefarious global plot before the true mastermind has the entire world seeing red."
1698856,Master of the Universe,2026-05-22,5.0,72,56.913,"A young man must use his untapped powers to fight back against an evil alien and their army, who will stop at nothing to take over Earth and then the universe."
324857,Spider-Man: Into the Spider-Verse,2018-12-06,8.397,17681,56.6372,"Struggling to find his place in the world while juggling school and family, Brooklyn teenager Miles Morales is unexpectedly bitten by a radioactive spider and develops unfathomable powers just like the one and only Spider-Man. While wrestling with the implications of his new abilities, Miles discovers a super collider created by the madman Wilson ""Kingpin"" Fisk, causing others from across the Spider-Verse to be inadvertently transported to his dimension."
1290821,Shelter,2026-01-28,7.785,1723,55.3851,"A man living in self-imposed exile on a remote island rescues a young girl from a violent storm, setting off a chain of events that forces him out of seclusion to protect her from enemies tied to his past."
533535,Deadpool & Wolverine,2024-07-24,7.585,9224,53.7189,"A listless Wade Wilson toils away in civilian life with his days as the morally flexible mercenary, Deadpool, behind him. But when his homeworld faces an existential threat, Wade must reluctantly suit-up again with an even more reluctant Wolverine."
102382,The Amazing Spider-Man 2,2014-04-16,6.556,14608,53.6519,"For Peter Parker, life is busy. Between taking out the bad guys as Spider-Man and spending time with the person he loves, Gwen Stacy, high school graduation cannot come quickly enough. Peter has not forgotten about the promise he made to Gwen’s father to protect her by staying away, but that is a promise he cannot keep. Things will change for Peter when a new villain, Electro, emerges, an old friend, Harry Osborn, returns, and Peter uncovers new clues about his past."
1184918,The Wild Robot,2024-09-12,8.306,6468,53.5193,"After a shipwreck, an intelligent robot called Roz is stranded on an uninhabited island. To survive the harsh environment, Roz bonds with the island's animals and cares for an orphaned baby goose."
1327819,Hoppers,2026-03-04,8.171,2207,52.0204,"Scientists have discovered how to 'hop' human consciousness into lifelike robotic animals, allowing people to communicate with animals as animals. Animal lover Mabel seizes an opportunity to use the technology, uncovering mysteries within the animal world beyond anything she could have imagined."
271110,Captain America: Civil War,2016-04-27,7.451,24402,50.2016,"Following the events of Age of Ultron, the collective governments of the world pass an act designed to regulate all superhuman activity. This polarizes opinion amongst the Avengers, causing two factions to side with Iron Man or Captain America, which causes an epic battle between former allies."
617126,The Fantastic 4: First Steps,2025-07-23,6.948,3726,50.0045,"Against the vibrant backdrop of a 1960s-inspired, retro-futuristic world, Marvel's First Family is forced to balance their roles as heroes with the strength of their family bond, while defending Earth from a ravenous space god called Galactus and his enigmatic Herald, Silver Surfer."
99861,Avengers: Age of Ultron,2015-04-22,7.3,24848,49.9346,"When Tony Stark tries to jumpstart a dormant peacekeeping program, things go awry and Earth’s Mightiest Heroes are put to the ultimate test as the fate of the planet hangs in the balance. As the villainous Ultron emerges, it is up to The Avengers to stop him from enacting his terrible plans, and soon uneasy alliances and unexpected action pave the way for an epic and unique global adventure."
1007757,Swapped,2026-05-01,8.879,2114,49.9344,"A small woodland creature and a majestic bird, two natural sworn enemies of the Valley, magically trade places and set off on an adventure of a lifetime to switch back. Their journey soon uncovers a greater threat—one that could endanger not only their species, but the entire valley they call home."
1491920,Kung Fu Soccer,2026-07-11,6.375,24,48.955,"The ""Supreme Invincible Cup"" is about to begin, and a host of top teams are about to engage in an unprecedented showdown! But the Kung Fu Women's Soccer Team has been dealt a hellish script right from the start?! Their opponents are all highly skilled, and external pressure is mounting. The schemes on the field are one after another... Can they use their kung fu to turn the tide on the green field?"
1728704,Siping,2026-07-10,4.6,4,48.7329,A gripping story about a woman wagered in a high-stakes card game. But the stakes get even hotter when she’s won by the man who’s long been obsessed with her.
122,The Lord of the Rings: The Return of the King,2003-12-17,8.504,27130,48.7188,"As armies mass for a final battle that will decide the fate of the world--and powerful, ancient forces of Light and Dark compete to determine the outcome--one member of the Fellowship of the Ring is revealed as the noble heir to the throne of the Kings of Men. Yet, the sole hope for triumph over evil lies with a brave hobbit, Frodo, who, accompanied by his loyal friend Sam and the hideous, wretched Gollum, ventures deep into the very dark heart of Mordor on his seemingly impossible quest to destroy the Ring of Power.​"
194117,Woman in the Moon,1988-03-31,5.6,8,48.5072,An Italian-American woman traveling to Sicily picks up a teenager who claims to be in trouble with some drug dealers.
1404304,The Isolate Thief,2026-07-10,7.324,17,48.4698,A young woman struggles to conceal the gold she stole from a group of violent outlaws who have seized control of her remote outpost.
803796,KPop Demon Hunters,2025-06-20,8.002,3125,47.7806,"When K-pop superstars Rumi, Mira and Zoey aren't selling out stadiums, they're using their secret powers to protect their fans from supernatural threats."
1242898,Predator: Badlands,2025-11-05,7.827,3511,46.8654,"Cast out from his clan, a young Predator finds an unlikely ally in a damaged android and embarks on a treacherous journey in search of the ultimate adversary."
1625901,The Dating App Killer: The Monica White Story,2026-02-14,7.4,5,46.8311,"A divorcee reenters the dating pool by creating an online profile, but when her match displays unsettling behavior and a series of women from the same dating site go missing, she must save herself from becoming the next victim."
1291595,Insidious: Out of the Further,2026-08-19,6.3,7,46.5651,"Gemma, a young mother raising her daughter in the house she grew up in, discovers she can travel into The Further, where she possesses an ability to bring what lives there back to the real world."
1234821,Jurassic World Rebirth,2025-06-23,6.257,3668,46.4419,"Five years after the events of Jurassic World Dominion, covert operations expert Zora Bennett is contracted to lead a skilled team on a top-secret mission to secure genetic material from the world's three most massive dinosaurs. When Zora's operation intersects with a civilian family whose boating expedition was capsized, they all find themselves stranded on an island where they come face-to-face with a sinister, shocking discovery that's been hidden from the world for decades."
1599993,Animals,2026-02-05,6.278,18,46.3369,"Four couples sail the thin line between desire and search for authenticity, in a world where truth is as fragile as their relationships."
1368166,The Housemaid,2025-12-18,7.273,2891,46.1067,"Trying to escape her past, Millie Calloway accepts a job as a live-in housemaid for the wealthy Nina and Andrew Winchester. But what begins as a dream job quickly unravels into something far more dangerous—a sexy, seductive game of secrets, scandal, and power."
1304313,Lee Cronin's The Mummy,2026-04-15,7.899,2530,45.8463,"The young daughter of a journalist disappears into the desert without a trace—eight years later, the broken family is shocked when she is returned to them, as what should be a joyful reunion turns into a living nightmare."
603,The Matrix,1999-03-31,8.3,28509,45.7419,"Set in the 22nd century, The Matrix tells the story of a computer hacker who joins a group of underground insurgents fighting the vast and powerful computers who now rule the earth."
1391021,Once Upon a Time in the Middle East,2026-08-08,9.235,17,45.5777,"Xu Fu travels to the Middle East to work as a chef in a Chinese restaurant to pay off family debts, where he meets floor manager Ma Junsheng. Their Dragon Restaurant rises to fame, attracting crowds with authentic‑tasting Chinese food. But war breaks out, and local conditions take a drastic turn for the worse. No one can remain unaffected. What lies ahead for them? And how will the Dragon Restaurant hold on amid the war?"
